artist_id,artist,album_name,release_date,album_type,total_tracks,spotify_id,kkbox_id
1,李宗盛,1984-1989李宗盛作品集,1989-03-21,album,10,4fiQQ7f9J7Athj1ucAmmG0,DZzLUpo_1aDjFzr6jV
1,李宗盛,Hills,1970-01-01,N/A,N/A,None,SrotGcywz6vWn9mURH
1,李宗盛,不捨,1994-06-15,album,11,03vRajGUsFl6Kc03Nmv8jg,None
1,李宗盛,作品李宗盛,1999-11-11,N/A,N/A,None,4qI7vo31wYJTRO8VNt
1,李宗盛,單曲,1970-01-01,N/A,N/A,None,Clm8En3BhWIkBpwgwO
1,李宗盛,山丘,2013-09-28,single,1,20snLPj2UZFzWhEudRYQba,GlxFdfUQs-18BM06oK
1,李宗盛,希望,1993-09-01,EP,4,2LnUGs5Bv2x80E4CWfiuVR,8luCogzOIXErS1Go01
1,李宗盛,愛在情歌蔓延時 李宗盛十年情歌精選集 男女對唱篇,1994-01-17,N/A,N/A,None,Wn873fD3UikGhGJM0L
1,李宗盛,愛的代價 李宗盛愛情論,2004-08-20,N/A,N/A,None,OsF9oNA4qcVQaYujZ_
1,李宗盛,我(們)就是這樣,1993-10-23,album,10,53t5aAD1dwTK3dOhkD52a7,None
1,李宗盛,新寫的舊歌,2018-05-17,single,1,6sktxAmQYcTKArK1bISFqB,OqBrI5flHgkGiRE96U
1,李宗盛,李宗盛 「既然青春留不住-還是做個大叔好」演唱會巡迴影音紀錄 LIVE,2016-11-18,album,29,7oxmnCtsNPI1qJDMBlPFXy,5_ISqP1KO3eqKbZsJt
1,李宗盛,李宗盛作品精選1生命中的精靈,1986-01-23,album,13,5pHAKb55ltL9mfPe2CWGLm,None
1,李宗盛,李宗盛珍藏版金碟,1970-01-01,N/A,N/A,None,WolxWoRXYBvu8OiInG
1,李宗盛,李宗盛的理性與感性作品音樂會,2007-09-28,album,31,3Sza2SoFHZQdgy3Yavx1OH,ClSk0u3BhWIkDqIM3T
1,李宗盛,李宗盛的音樂旅程-不捨,1994-06-10,N/A,N/A,None,0moiFn77qw4IkGhK3X
1,李宗盛,李宗盛的音樂旅程-不捨,1994-06-15,N/A,N/A,None,OsmJ8NA4qcVQaLzEXI
1,李宗盛,滾石香港黃金十年-李宗盛精選,2003-01-15,N/A,N/A,None,LYuQBIiiCNxEsxJG2H
1,李宗盛,生命中的精靈,1986-01-23,N/A,N/A,None,CqBooGARmpvC9xS3-L
1,李宗盛,男人三十,1970-01-01,N/A,N/A,None,5XpQge6BTkffK8M1xc
1,李宗盛,送你一首過年歌,2016-01-22,single,1,6NVS1ovfHnrmMSVZAq1Xcz,OoPb1XaIhoFhG_HQ48
2,劉若英,2000精選,2000-01-01,N/A,N/A,None,0sGPDqr_ljsmenO6je
2,劉若英,2020劉若英陪你 獻上錄音專輯,2020-04-30,album,11,07E9Kl6LCBjSX6U5dKvayC,OoQAgLbYhoFhFfKjwZ
2,劉若英,I'm Fine,2008-01-11,N/A,N/A,None,Ko1yuxoK1IXU8FDl8t
2,劉若英,Love and the City,2002-06-21,album,10,5XJh9ZHnBRXz0EUswxCWUj,LY1SRIiiCNxEuk7gIw
2,劉若英,一整夜,2005-12-09,N/A,N/A,None,DagAcXF-nP601KMJO8
2,劉若英,不營業的日常,2020-08-20,single,1,46K9h6nOjRiNNNiwoC8wce,1ZOXcS1Hk0A9sl0M-W
2,劉若英,亲爱的路人,1970-01-01,N/A,N/A,None,T_0JDZmb5SlJ9hDPVX
2,劉若英,你有沒有深愛過,2016-07-29,N/A,N/A,None,PZyEAYNo_n53Vwq0L5
2,劉若英,你有沒有深愛過 (湖南衛視[青雲志]主題曲),2016-07-29,single,1,0rP4iVyOInqyUj5Hk4ugIw,None
2,劉若英,到處亂走,1996-10-30,album,10,2c0REN0y3WlFtEd9A7y038,OlY6PJxJCCud-BHg8w
2,劉若英,劉若英 Renext 我敢 世界巡迴演唱會 LIVE,2017-08-09,album,27,0n5Oqd6HAVzeLc68JhFjcu,9Z0WQVg3_BzuPXWTR1
2,劉若英,劉若英Renext 我敢世界巡迴演唱會 LIVE,2017-08-18,N/A,N/A,None,OolEUoa4hoFhGMZJ2P
2,劉若英,劉若英脫掉高跟鞋世界巡迴演唱會,2012-09-17,N/A,N/A,None,5YYPeFpHsLpPy8xsZK
2,劉若英,劉若英脫掉高跟鞋世界巡迴演唱會 (One Night Stand by Rene 2010-2011),2012-08-24,album,25,6CjPyyxAEZb6DrSneFEFaN,None
2,劉若英,半路,2014-10-13,single,1,1HIwB44uoGaiJoQmIKWwt3,8tRmV3N8ZgqWd3mPlD
2,劉若英,各自安好,2021-03-24,album,11,42kIWWADJxhtXbMvfm8jO8,X-1V4R4p0SAEl_4cJV
2,劉若英,單身日誌 演唱會 LIVE全記錄 (Live),2003-03-14,album,39,4IVvRdk2l79fYtdGsWCZ2d,KmlGwP5qmUrTl_CrgO
2,劉若英,在一起,2010-04-16,album,10,15jgvEIqB2bkiNTgmZR8x5,GoVQzptNzZWl-8dc3u
2,劉若英,在一起（演唱會一起加油慶功版）,1970-01-01,N/A,N/A,None,4rLTMQjQFoOyaGhQGy
2,劉若英,媽媽,2020-04-18,single,1,4pS836Q1GZZFaY1AsjZ14l,Lac6uKVcR5JlkpMVEd
2,劉若英,少女小漁的美麗與哀愁,1995-05-05,album,8,0nDEiohkm0HRphvwoDxs7a,WrFUC68fkjE3kpeCqK
2,劉若英,年華,2001-01-09,album,10,5MTWp9gLM678D3yq3pboBG,GoG7XrtNzZWl-IxG0l
2,劉若英,很愛很愛你,1998-11-20,album,13,0PzGTds00YDYDzdkQKBwtJ,0qsQ5_ZgW0hFlcOvVb
2,劉若英,快樂天堂,2020-04-24,single,1,4DW8pasXIRJmRuCa3qYI6X,4oGmcjoRVgY_adhBND
2,劉若英,念念 (電影原聲帶),2015-03-01,EP,2,0KrXFpgRaEuLMlhi0C0tmv,None
2,劉若英,愛情限量版,2012-12-18,album,7,1dJ6xEyzx8Brl8Vy7kJv4V,KkHeBLUQLfA_Pcg1pv
2,劉若英,我很好,2008-01-11,album,10,5F0Y2eFhEYEHROowOaoP5M,5XpO4U6BTkffIABdqB
2,劉若英,我很好,2008-01-11,N/A,N/A,None,5aGCs1wYczZYQaoJ7f
2,劉若英,我敢renext,2015-07-03,N/A,N/A,None,0sU0uAr_ljsmf-GL85
2,劉若英,我的失敗與偉大,2003-11-21,N/A,N/A,None,X-l9fb5p0SAEl_LZb5
2,劉若英,我等你,2000-01-07,album,11,2P6sQ9RlHZQv0FOK0X3P3B,OrVCHB5eLG7iPmX5S3
2,劉若英,我要你好好的,2015-09-22,album,11,3cYOzziVB3Y4jAneDmAmMY,9-9TqwhimwqbJfb0D3
2,劉若英,所有相愛的人啊(熱情版),2021-02-06,single,1,6VgF9QqDn6twLGVQHMvXT1,Coolw07-1JHrzXw2jG
2,劉若英,收穫,2001-06-14,album,26,6PZWcUTzdcySJYylU0dZOS,4r-9AyjQFoOyaVCr8r
2,劉若英,滾石香港黃金十年-劉若英精選,2002-12-24,N/A,N/A,None,SkVs2H7qdNq4WDTZl7
2,劉若英,粉絲,2017-12-29,N/A,N/A,None,KpqLpopfaopkDf34PL
2,劉若英,粉絲 (電影《二代妖精之今生有幸》片尾曲),2017-12-29,single,1,578TX5U5MtQzB4BgeWrIJM,None
2,劉若英,縮影,2022-09-28,single,1,2h23nUlnKGy9Rzv0It2Rpx,-mvOcA2dLXM74B6w7H
2,劉若英,聽說?,2004-10-22,N/A,N/A,None,OooicIa4hoFhHpQ3Vi
2,劉若英,親愛的小孩,2023-06-30,single,1,7p5DKys0DhkoJ2WzALam97,Gta1AChOPnecetzZzC
2,劉若英,親愛的路人,2013-05-10,album,12,4oGWJZXjWotj0WBKPZ3Yhf,OoZl9aaYhoFhEu9ZFq
2,劉若英,雨季,1995-12-28,album,10,0qt8BCze6Uc2rWaa4xwTom,GnpLQt1XPEfOC9ZXvk
2,劉若英,黃金年代,2021-01-12,single,1,2KEbZx7YGXfvrqbVxktixt,8kbAE_oeGTiCKREOyR
3,五月天,92全運會紀念EP,2003-09-01,N/A,N/A,None,-rBa9BbZ1XBjKWmG2_
3,五月天,DNA,2009-07-15,N/A,N/A,None,_ZaciK2lKVWPu13mSX
3,五月天,Dancin' Dancin',2013-11-13,N/A,N/A,None,5ak7j7wYczZYSEvO8j
3,五月天,Dancin' Dancin'  feat. TERU (GLAY),1970-01-01,N/A,N/A,None,D-uWt-pddbwdO-R5n_
3,五月天,Dancin' Dancin' (OT：傷心的人別聽慢歌),2013-11-13,single,1,4Pl7aijhbp2kOLnRyXJlTZ,None
3,五月天,Do You Ever Shine?,2014-06-04,N/A,N/A,None,Tai70SNz9CYeFp_V8F
3,五月天,Do You Ever Shine?,2014-06-16,EP,6,1PDnmcX2LE28p7ke5Iwl5y,CkajvglzW4Ta3BXhHv
3,五月天,Do You Ever Shine? (BITTER BLOOD Version),2014-05-07,N/A,N/A,None,8nQR9zfEHSCv1OooFy
3,五月天,Don'ts Don'ts,1970-01-01,N/A,N/A,None,CowANQ6e1JHrx_fx6u
3,五月天,I WILL CARRY YOU,2018-04-29,single,1,7ELdXVHzNaViba5Zdbfsrv,GsaRAZ7TG1L3GlSDlT
3,五月天,MAYDAY FLY TO 2023 五月天線上跨年演唱會 諾亞方舟十週年特別版,2023-01-01,N/A,N/A,None,LXRHcm7zKFATsNSw6X
3,五月天,Mayday × 五月天 the Best of 1999-2013,2013-11-13,N/A,N/A,None,8mlIFA11iKnsmC3eeR
3,五月天,OAOA(現在就是永遠),2011-09-02,N/A,N/A,None,DakXBPFenP601KWuhg
3,五月天,YOUR LEGEND ～燃ゆる命～,2015-06-17,EP,6,3EBrmY7qUlg8yVbtgzAJLt,9_4Pl51NrjpYYWauTd
3,五月天,YOUR LEGEND ～燃ゆる命～,2015-06-17,N/A,N/A,None,Gsg-Ny7zG1L3G4NpPN
3,五月天,「創造」小巨蛋DNA LIVE!!演唱會創紀錄音,2009-12-01,N/A,N/A,None,Slf9Ql3NTiaK2Yq_Un
3,五月天,五月之戀 (電影原聲帶),2004-07-13,album,33,2UEyfREkXyE2PAzzya0w0C,4ov-h5pRVgY_YrAweU
3,五月天,五月天 fly to 2023 諾亞方舟十週年線上特別版 LIVE,2023-03-29,album,10,0w30Ii1bOsQMOiAC6WmkpQ,WltkdeYw7wx8qqIVub
3,五月天,五月天 | 步步 | 自選作品輯 the Best of 1999-2013,2013-12-30,N/A,N/A,None,GkrKC_Gex3YZLUwhz3
3,五月天,五月天 人生無限公司 Life Live 好友加班篇,2019-05-15,album,12,5Rfn5E0vo8RIUfWsr0B31Y,8qmQbkvlOgKcuqwJNE
3,五月天,五月天 人生無限公司 Life Live 完整收錄篇,2019-05-23,album,24,06QbrFFGcstuPED3Izs9A7,-mjdbD0dLXM75Z5CeV
3,五月天,五月天 好好好想見到你 Mayday fly to 2022 線上特別版 LIVE,2022-01-30,album,10,2cmEUM6I96PO2z9imSX5Rn,8kYdYKruGTiCIZIdvH
3,五月天,五月天 突然好想見到你 live in the sky,2020-07-07,album,12,59wHPpctcSa9gHC5sMy6yF,WsUFJFbDjmG2CPw6An
3,五月天,五月天 诺亚方舟 世界巡迴演唱会Live 2CD,1970-01-01,N/A,N/A,None,8llXMBzOIXErRKUrkF
3,五月天,五月天Final Home全球巡迴Live,2006-06-30,N/A,N/A,None,8kc9k2p-GTiCKuzi7S
3,五月天,五月天【追夢3DNA】電影原聲音樂專輯,2011-09-16,album,16,57w4xMq9EDYlZCuvRJw1kX,CsaxsG2f0h_RmGuZe9
3,五月天,五月天〔創造〕小巨蛋 D.N.A LIVE 創紀錄音,2009-12-04,album,26,4F6QuI21TPQGmjCQ74WjjR,_XFeGEDm4bYZv5ZUMz
3,五月天,五月天十萬青年站出來 - LIVE巡迴演唱會全紀錄,2000-12-21,N/A,N/A,None,HYlniqmgU1EtVzV2rU
3,五月天,五月天第168場演唱會 台北市立體育場LIVE全紀錄 (Live),1999-11-30,album,16,0kJp80UyMwJdBXJFcAy57n,5ZJAUxHymfP8OvunUG
3,五月天,五月天第一張創作專輯,1999-07-07,album,12,1zg3RDpckJ0sgE5N7QrUdL,8m0T0l11iKnsn2-BqE
3,五月天,五月天紀錄電影搖滾本事電影音樂原聲帶,2002-12-12,N/A,N/A,None,DZMLYpo_1aDjFi1Ji9
3,五月天,人生海海,2001-07-06,album,12,4YUFfDcBE7Yl0FrxKUuC9G,HZclQFBCAsSpJsYFhO
3,五月天,什麼歌,2018-01-30,N/A,N/A,None,0rC-QlhtHaJ6kPTtTC
3,五月天,什麼歌 (電影《捉妖記2》主題曲),2018-01-31,single,1,6MvUrkzJnJDihkDShcG3zc,None
3,五月天,任性,2024-12-30,single,1,09rCpK2WyMHP7ymESozHgI,Kr3nzL2kQPhDDuob4h
3,五月天,你的神曲,2022-10-31,single,1,3sDy8v5fg2XHVBdtzs42fa,PXo9uGMXQ7mrxb9ZgJ
3,五月天,你要去哪裡巡迴演唱會 (Live),2001-12-27,album,35,1kmvQ9M9gQueTf6hP8vtMO,0mtrtm77qw4InFzL9-
3,五月天,候鳥五月天電影音樂作品,2001-05-18,N/A,N/A,None,LZ0BMMgu2Z7b0VbClT
3,五月天,傷心的人別聽慢歌,2013-06-09,N/A,N/A,None,HYHqS9mgU1EtVPLbPw
3,五月天,凡人歌,2017-03-20,single,1,6XR3nucjiqTUK32GzmsYvh,4raeFYjAFoOyYLWjhD
3,五月天,刻在我心底的名字,2021-08-20,single,1,5iK1vI2joFeDFvaW2hGpRH,PYP8x9rmqns_RzondJ
3,五月天,勇敢,2015-12-30,single,1,3SEE2WvJ7bHssw4EeNt5xH,XYzgIiKPROdefwsrF6
3,五月天,十萬人出頭天 LIVE,2009-03-20,album,15,54hannF5PnHYxncrs5UfLj,DZUNsoo_1aDjHmpNvQ
3,五月天,唯一,2023-06-19,single,1,4mRNBDaMYSr9hvo5CqAn7v,GnKqA72nPEfOB0XPSZ
3,五月天,單曲,1970-01-01,N/A,N/A,None,8t-6U1N8ZgqWdL3Tyj
3,五月天,因為你 所以我,2020-12-25,single,1,0bLc2MyuEEP8eiMnd6v5Rt,0le7fKde-BNMwoAst3
3,五月天,天空之城復出演唱會 (Live),2004-03-30,album,27,5W3mP3rco8UOXmenbsnvKa,4mxmQQFE2kVG7PX6Nt
3,五月天,將軍令,2014-11-15,single,1,3OzUFuuBOWaHkE2q4hJ4n1,DZVARno_1aDjGw299g
3,五月天,小太陽,2008-03-31,N/A,N/A,None,X_AjJycUyKgAnlFr6J
3,五月天,後 青春期的詩,2008-10-23,album,12,3cCdHi2r9iknmDTBSOWlqF,Gmw-QSPkte5pB-EIY5
3,五月天,後來的我們(眼淚未乾版),2018-04-13,single,1,0hXSe2aWRooElMiaUCFOpX,8qEFykv1OgKctyeBEh
3,五月天,愛情萬歲,2000-07-07,album,12,0CMBn9K7y4sClB4fB1hiXi,4lRDTxRx6lesf6k2aG
3,五月天,我們是五月天,2003-04-17,album,14,4ziGs8gBPzPVHEAYDpRJbs,WlWISsbg7wx8o_ZSFq
3,五月天,星期五晚上 (慶功16蹲版),2024-07-19,single,1,6FHvq12S2de3SoA64erYyB,None
3,五月天,時光機,2003-11-11,album,15,0h6fF3tYgGv7oiGhc9nUib,9YkxaN0HpTG8IH5cJG
3,五月天,步步,2013-11-23,single,1,0ykyxlDXzXQV7h1YOFtygz,8r4TNMQrLZoqO6TSe9
3,五月天,溫柔 #MaydayBlue20th,2020-01-01,single,1,0hFNgUJRgBphC1NBJaZGI3,4tWmLJbFtitQ_ubREe
3,五月天,為你寫下這首情歌,2022-12-14,single,1,7clyQmQE4BgF0XULsArbiZ,5XEFK15BTkffKbLJ6d
3,五月天,為愛而生,2006-12-29,album,13,2rfxqSVGh2d2S4CXMT1oGL,CsYccD2f0h_RkSCwfk
3,五月天,玫瑰少年,2019-08-08,single,1,2cxdvGZcK8pU7vZsFqRU7F,5ZWpelHCmfP8NYouEN
3,五月天,由我們主宰,2014-05-29,single,1,0sWC4EValmmHETaDn0v1Gg,1YDyWKHuV_hODX_kF2
3,五月天,當我們混在一起 2005世界巡迴演唱會 (Live),2005-05-27,album,39,4rAJj0jX1HOMToUsVeCz12,KqoKCbzKOnJP4qBEAZ
3,五月天,瘋狂世界 #MaydayBlue20th,2019-07-08,single,1,57aqBr1g9SwEWhTunaLe4q,L_P6ZJ4uYWLlSQB1mp
3,五月天,知足,2023-04-10,single,1,3kkCnnNH23dAmzEatPhaBz,PZJlI8OY_n53WuaRxc
3,五月天,知足 just my pride 最真傑作選,2005-08-26,N/A,N/A,None,4keFDOYXF4KmWVieWj
3,五月天,神的孩子都在跳舞,2004-01-01,N/A,N/A,None,HZJBAFBCAsSpILeGzR
3,五月天,神的孩子都在跳舞,2004-11-05,album,13,3PwfyEFs0H0Odm1KoJje6J,9XzH9jkXC0_tlVWhgP
3,五月天,第二人生,1970-01-01,N/A,N/A,None,LYccdqiiCNxEuPrB-H
3,五月天,第二人生 Now Here 明日版,2011-12-17,N/A,N/A,None,H-BNLU5ZibEcXZoNMQ
3,五月天,第二人生(明日版),2011-12-16,album,14,2hgla06z5kXqV1kz5HnVl8,None
3,五月天,第二人生(末日版),2011-12-16,album,14,3Xpf0uptVuuQGiOjRX1EvW,None
3,五月天,純真 #MaydayBlue20th,2019-05-06,single,1,1rDRqc5YNxtOcvEETNGzK5,KoO_W0o61IXU8Jn26Q
3,五月天,自伝 History of Tomorrow,2017-02-01,N/A,N/A,None,OnZh7DHOrs6SqMItsD
3,五月天,自傳,2016-07-21,album,13,4hg4cR8QMbE0xuvoxoA6DX,XXgRQh5qEjhjB70Jha
3,五月天,諾亞方舟 世界巡迴演唱會Live,2013-11-11,album,26,6Lhndrlxl2vW4pM96Zrtp6,PZBqEDN4_n53XjOCzl
3,五月天,轉眼（2018 自傳最終章）,2018-12-31,single,1,28kV6CEIsxdqIqHiwyO1U7,5YHtg2pnsLpPxYa3Ja
3,五月天,離開地球表面,2007-07-20,album,17,4PCoCQZX5O79xDRDwTPHix,L_42494eYWLlRF52Ne
3,五月天,離開地球表面Jump!The World,1970-01-01,N/A,N/A,None,X_mu5RcUyKgAmWHKzw
4,蘇慧倫,30週年精選輯:生命之花Flower of Life,2020-08-28,album,28,0v6m9eh9IrPLblmhwGGA8h,None
4,蘇慧倫,30週年精選輯：生命之花,2020-08-28,N/A,N/A,None,Laa-TLVMR5Jln8jiy3
4,蘇慧倫,Happy Hours,1999-01-15,album,12,2TNCRX5q9BoMqzmNzPJFpT,OoUk9UaYhoFhE9gF_V
4,蘇慧倫,LEMON TREE,1996-05-23,album,10,7dMkSB7OywnJMCYQivYCwL,0kfAc8zgc5pS7EDVUd
4,蘇慧倫,Maybe Tomorrow,1990-12-14,album,10,7twpIB5wW6wFWmkRhuhSL6,5aZtjCwYczZYS1XHcP
4,蘇慧倫,不管不管,2024-02-20,single,1,1bgDWzCWikW23nOVJoHvqK,OlehMsy5CCud8gOzZH
4,蘇慧倫,倫選 廣東精選十五首,1999-04-08,album,15,0u2p9sur1IhnPHZDTSDEX3,HZAFUFBCAsSpKa-lP7
4,蘇慧倫,傻瓜,1997-08-08,album,10,5ywMeClWtZHOw0vfyi1isI,KnY57e1ZbvUVKiAlYc
4,蘇慧倫,六月的茉莉夢,1993-06-10,album,10,3cFMiiB5uTIVWpqAlM8y5B,1ZMIkF0Xk0A9sV5ysy
4,蘇慧倫,周華健 & 蘇慧倫2013全新合唱曲第一彈 不可能是不可能的事,2013-07-16,single,1,4TL6Po04PQzZFsglmx1W9d,None
4,蘇慧倫,周華健 & 蘇慧倫2013全新合唱曲第二彈 瀟瀟雨未歇,2013-07-16,single,1,757NOVWNXORFHtDxy73XXL,None
4,蘇慧倫,圈圈,1997-08-29,EP,2,3PomfvSa1COD85p4yrHYzu,HaKcg-qP_dvJIdzo5P
4,蘇慧倫,失戀萬歲,1998-01-08,album,16,1umyziZ2h0gF7WCGEbR6CV,GoaLXrtNzZWl-eWf2I
4,蘇慧倫,安和,2020-02-26,single,1,7ezZ9l8ugZK5BmByKpkrQ4,KoFDnQpK1IXU9ftI2s
4,蘇慧倫,寂寞喧嘩,1992-08-06,album,10,59Jd9LKYeJbYOqqSzvHJ6x,KlC7A64JBqJm-SjaPR
4,蘇慧倫,就要愛了嗎,1994-10-01,album,10,7hqGSdRJUIKjzxyRDdLX52,4t9cXDaFtitQ-eZ03e
4,蘇慧倫,愛上飛鳥的女孩,1994-04-15,album,12,2RlnjnMbJollGGqLSv6uWi,Ol4qDJxJCCud9C6n9O
4,蘇慧倫,慧倫優精選,2001-12-01,N/A,N/A,None,Wrts-78fkjE3nGnb3U
4,蘇慧倫,懶人日記,1999-12-31,album,12,0Lqn1SIr5i5xds1I2KzjwB,GnJLQt1XPEfOA1G_Qm
4,蘇慧倫,戀戀真言,2001-12-25,album,10,1W4JgB0v8G5CsBgCYcerol,DZK7Ypo_1aDjG11YTT
4,蘇慧倫,我們快樂地向前走,2016-08-01,single,1,00w3fu8RsAdEqCgT3x65IC,-mW3-J09LXM75Vv6y-
4,蘇慧倫,我們快樂地向前走,2016-08-01,N/A,N/A,None,-qv315s0B5ro8o4Ex_
4,蘇慧倫,我在你心裡有沒有重量,1990-11-09,N/A,N/A,None,GpWpKlzjWop206SA6E
4,蘇慧倫,我是我的,2022-03-30,single,1,3BrTWZRMORbZd6JrGjHKQY,LaUjARWMR5JllS-bcq
4,蘇慧倫,我有時會想,1994-11-16,album,10,20dnfkESdhOtr9T9m6U387,PXRciIPXQ7mrxfpQ7G
4,蘇慧倫,抬頭紋,2025-01-23,single,1,0fs2ArJMM4b8G2yEi4fzMr,Ol95Ja1JCCud9R_cce
4,蘇慧倫,檸檬原舞曲,1996-10-08,EP,3,07Sn6tBWVw3sXbFOsN1quo,None
4,蘇慧倫,正版蘇慧倫檸檬原舞曲 EP,1996-10-01,N/A,N/A,None,Gs1KgX7zG1L3Hv8kAp
4,蘇慧倫,滾石香港黃金十年-蘇慧倫精選,2003-03-14,album,14,2HWGRUn6UVV0yEi0WivP2y,ClTEcv3BhWIkAl4i7U
4,蘇慧倫,滿足,1995-10-05,album,10,0eP9I6eEN1Mpf4EVNS2bBx,DZ9rYpo_1aDjEftI0-
4,蘇慧倫,為你變成他,2019-12-19,N/A,N/A,None,DabOtPEenP603ozDt7
4,蘇慧倫,為你變成他 (三立華劇《跟鯊魚接吻》片頭曲),2019-12-19,single,1,223PkkLB0EK3MY4Ryej7bB,None
4,蘇慧倫,甜蜜心事,1991-07-26,album,10,51tLGifUpnie3SfXXJN0Ai,8oGhbeKQ3_AF4p9grC
4,蘇慧倫,自然喜歡你,1996-04-09,album,11,0TDbcWq50HI6asqeokrHZU,DZzvwpo_1aDjFO6hFc
4,蘇慧倫,蘇情時間1990-2002全經典,2002-06-01,N/A,N/A,None,4q1bvo31wYJTTKmajT
4,蘇慧倫,蘇慧倫.左撇子.旋轉門,2007-01-01,album,10,4hQshnkdvCXfEsBqxWh8r6,D_Y8KxHKsaFcOXPzD5
4,蘇慧倫,蘇慧倫同名專輯,2006-01-01,album,10,2aaLtrcpcAPWWS3kWi5sM7,HYuzuqmgU1EtVWuUXC
4,蘇慧倫,話說 (粵語版),1996-11-15,album,12,446NjqCvXGAABMCd2LfRzJ,None
4,蘇慧倫,話說蘇慧倫X檔案,1996-11-15,N/A,N/A,None,-nZRkBEINWEdZJHI_r
4,蘇慧倫,輕重,2025-02-18,album,10,3XnUGdbAiGwZFf3bgvz96Q,CtMsTH6noP3rNY6WrN
4,蘇慧倫,追得過一切,1990-04-01,album,10,5XHazZtrkKyX8Xb8jkE9Pg,HaYss-qP_dvJK-bm52
4,蘇慧倫,面面,2020-03-09,album,10,6T1npKoFoavay9OtRd3mCP,4nfT7LPkzvZw0Tp9y-
4,蘇慧倫,鴨子,1996-12-27,album,10,5yTyWXZGdYJ7odEd7KjF81,0o-e7A00u_GpDsZPCe
4,蘇慧倫,鴨子原舞曲,1997-02-01,EP,4,4omBJEjPpSTSntZafZJchi,None
5,丁噹,90s華語金曲翻玩計畫-當我們再一起,2021-11-05,album,10,5XTc7joMwTTv9Jw4YYKTDq,0m8ejj57qw4InPRY_u
5,丁噹,Blue Bird (電視劇《半是蜜糖半是傷》插曲),2020-10-02,N/A,N/A,None,KrdZMRz0QPhDB8n2et
5,丁噹,Light and Shadow (影視劇《愛情應該有的樣子》插曲),2022-06-27,EP,2,7g8sYhfZFBJe4b0mj0iLuP,CqjbjACxmpvC8fDZHe
5,丁噹,Say forever,2015-12-30,single,1,4bfWeyUkkSqrEmibCZq5Du,_ZDv012lKVWPvg_hzD
5,丁噹,​你是心動的理由,2022-01-07,single,1,1851cipQkYHCHYIkSPDhuJ,5YgCeErXsLpPw-JJ5f
5,丁噹,《女優，摔吧！》電影原聲帶,2022-11-25,album,23,1nGqNJEPnbVp2vKZs1ba1E,None
5,丁噹,「搭錯車」音樂劇原聲帶,2018-07-07,N/A,N/A,None,DaINRmF-nP602HTkbP
5,丁噹,【下一站，天后】 - 自選+精選,1970-01-01,N/A,N/A,None,P_IwR4eeKjgS59XY77
5,丁噹,【下一站，天后】自選+精選,2010-07-09,album,20,3SJL3bnMjRbLgzXTcXJlJ4,La25vdUcR5Jlk6539E
5,丁噹,一樣的月光,2018-03-22,N/A,N/A,None,HYCeZRmwU1EtWJMtCc
5,丁噹,下一站，天后演唱會live DVD+CD,2010-11-12,album,12,2PJA9om8J6n9MhYuLCkJDP,La8aXdUcR5JlkEhzVn
5,丁噹,下一道彩虹,2013-07-08,single,1,4rBDnWyXX9SXSiyHd7lNtv,KnDe0_1JbvUVJYnKvI
5,丁噹,不要命,2019-03-20,single,1,10C0nBFsU6XnXz4c5WUi6t,WqXmYt5YG8C8lIK05J
5,丁噹,偷偷的愛 - Feat.嚴爵,2011-10-14,N/A,N/A,None,5_EBuk1aO3eqKaMh-X
5,丁噹,勇敢一次 (三商美邦廣告主題曲),2017-11-23,single,1,6neI1HomAFV3huMgsOQTG1,None
5,丁噹,動漫《深淵遊戲》原聲帶,2023-12-14,EP,4,4y2dsPNZ9BLvyFqDZu3Hpw,None
5,丁噹,千年之戀,2015-09-30,single,1,6poVTxT8KoVZFrRiILf46K,OoB6rZaYhoFhGT9Gzw
5,丁噹,命中注定,2020-06-09,N/A,N/A,None,4to7VcbFtitQ93Lwst
5,丁噹,命中注定 (《你是我的命中注定》片尾曲),2020-06-09,single,1,5skIaxgopBNPr41RCtxhEo,None
5,丁噹,夜貓,1970-01-01,N/A,N/A,None,SsYrRc-z-Mm6dhitZ0
5,丁噹,夜貓,2009-09-29,album,11,1cw2qn3JtkIhDYJMCexYLs,KpaUiypPaopkB4l-kX
5,丁噹,夜遊,2023-09-20,single,1,6RMNnFkPcT7tLQTf1wqYcd,9Xv4v9nnC0_tkBXKte
5,丁噹,天使,2020-05-21,single,1,0gKhP53H3ZeaM6LCfgFbo0,5ZLAG1GymfP8NGVQ8-
5,丁噹,太傻,2021-06-03,single,1,0RK18OQMElMEqAdfZa0WIS,OnvUGsGurs6SqEGx9d
5,丁噹,女字旁,2022-09-22,single,1,7xYHosEnDdzpCPyksBffR8,WoHXPSTnYBvu_fEfDk
5,丁噹,好難得,1970-01-01,N/A,N/A,None,8qadWCvVOgKctRi9cG
5,丁噹,好難得,2012-05-18,album,11,5oMqliEY6f4j6LPnZ6MOfz,KsAuvDNedkIB96OtRP
5,丁噹,幸福的可能,2013-12-05,N/A,N/A,None,DZlp8Ko_1aDjFVXMq1
5,丁噹,很愛過一個人,2017-01-03,single,1,1gR0QYn2NB2JLALGcGM7Jz,OsFcdKAoqcVQbBlS-7
5,丁噹,復活,2016-11-10,N/A,N/A,None,-m-hOh09LXM771UPWS
5,丁噹,愛到不要命,2019-04-02,album,11,5t2ig6VpX1ED2SH7IzQw4e,_-cmKWcRQDQcXvcqVE
5,丁噹,愛著,2024-09-04,single,1,75GTuLd5GJjphiSbDUgZAp,0nuzof23tCwot_nALJ
5,丁噹,我愛上的,1970-01-01,N/A,N/A,None,GsUWk17zG1L3HAC8jO
5,丁噹,我愛上的,2008-10-07,album,10,4s6z6tx4tMRKjjtyhtPQzb,OrpTfA5eLG7iN_Aoys
5,丁噹,我要我,2020-11-19,single,1,64Yng3X24FGYkEUJozuKnl,0rbnpkgtHaJ6meGVzt
5,丁噹,敢愛敢當,2014-07-08,album,20,2Th3Rkgl29U5ZxPZ0MkaGS,OrxJn-5eLG7iPLE7lH
5,丁噹,日與夜，跟自己說晚安,2024-03-01,album,11,6eZ6GBoYL3HAezneabIq49,OnZuR6Eurs6SrfWNih
5,丁噹,時間告訴我的事,2016-08-23,N/A,N/A,None,WnQ_HQDnUikGgr-FzW
5,丁噹,最好不要再遇見你,2024-01-19,single,1,3L9z2BMTcGm6jP1gfAeTKS,Olz4MRy5CCud-rkijy
5,丁噹,最小的偉大,2016-12-14,single,1,7Brfe1kcsnNhf3DDmRlz0R,D-csocpNdbwdPiGfxS
5,丁噹,未來的情人,2011-07-12,album,11,75loSGOb0ypkT8evaF7Z3o,GpD8unzjWop20XCIBb
5,丁噹,未來的情人 （夏日慶典版）,1970-01-01,N/A,N/A,None,-kVmFeLxzpOHTy4qjS
5,丁噹,煩,2021-04-28,single,1,6LkVS8lUHjj2UYdsEE9FFy,Woqal9Q3YBvu-NjTx-
5,丁噹,當我的好朋友,2016-03-18,album,11,6edu5A37ovMOFasV3PfQbX,H_QvoZ4H2kp-_RDCSL
5,丁噹,真心請按兩次鈴,2011-11-16,N/A,N/A,None,GoIv7vtNzZWl8nfbqa
5,丁噹,親愛陌生人,2010-12-06,N/A,N/A,None,GpNDynzjWop23ARB2r
5,丁噹,記憶咖啡,2025-04-02,single,1,0gdv3ZFByjyBHgyWjdvfV3,LZzQylku2Z7b01jhAi
5,丁噹,談戀愛,2024-08-28,single,1,4EjIJzeHYBZlt9VMcnT3ut,Cp1OZbSkaw7YAUnYc6
5,丁噹,身不由己,2013-11-23,single,1,1XgTVe2AeZYXaLzmCSVRhm,None
5,丁噹,進擊吧閃電 戲劇原聲EP,2017-08-28,EP,3,6yvs8WCsmkA93d162zE74L,None
5,丁噹,離家出走,1970-01-01,N/A,N/A,None,CpTbM2Wkaw7YDwvwkA
5,丁噹,離家出走,2007-07-03,album,10,5HDeQDGrDfKSmGzY4njUo2,-mo8yP0tLXM77yE3j4
6,告五人,Live A Little,2021-12-01,single,1,4llm6lXcb29lFh8BQzI9yi,OkqW_2mKH9M2vhmdc-
6,告五人,Summer Romance (愛在夏天),2018-05-20,N/A,N/A,None,PXmZCcP3Q7mrzxt7Ny
6,告五人,一起看黃昏,2024-12-20,single,1,1QHTxeYbYQRwq4sZzIIVPj,None
6,告五人,像是在天堂,2021-11-05,single,1,2iSoWavzWDj5FZwF6vFOeb,HYZn7QkgU1EtXL0D3_
6,告五人,又到天黑,2023-01-21,single,1,0BJ6iLH2EvtD0ukvsReMAp,Gptiq8wzWop23c0PHN
6,告五人,只管向前,2021-10-08,single,1,6mgXsMsDsMsVJT4ZtVSrei,4meExcHE2kVG7fS3XN
6,告五人,在凌晨睡著的自己,2022-12-31,single,1,0TJ1PMFBc6iVbvrRYIeZKf,4qzTNc01wYJTRDT0nO
6,告五人,在未來的你跟我說聲嗨,2022-10-18,single,1,2YhqK2DAKNUrnoUVbX3oHb,CtwF-58XoP3rNN3WEM
6,告五人,天赐的声音第五季 第12期 (Live),2024-07-14,EP,2,4HR8ts2PGSg9QYhCQcwFPi,None
6,告五人,女孩,2023-07-17,single,1,7DevE8vacK1riRgO2sav48,None
6,告五人,好不容易,2021-12-13,single,1,5mahTh3xdvMSH7N01fAEFg,GspB_F5zG1L3EYGhI6
6,告五人,寂寞留白,2021-11-08,single,1,53qPOdnZTvDYCfqbAUtP7C,GtdDi8g-PnecdjzHgr
6,告五人,就說你想說的,2024-10-14,single,1,0FqW8002vT95qoJRrxqBWT,DZWz1Os_1aDjGy1qbd
6,告五人,帶你飛,2023-02-14,album,10,6wlO3VClebIlgMCfBcFbUy,9YGyDl3XpTG8IjEXvp
6,告五人,帶我去找夜生活,2019-12-25,single,1,3xk8Iced6AQm2zMZcfHmrZ,DaLhpOEenP6030qbae
6,告五人,帶我去找夜生活,2019-12-25,N/A,N/A,None,OpgNp0NQB1A8_tXRRn
6,告五人,帶我去找夜生活,2019-12-25,N/A,N/A,None,0ofTc41ku_GpATbhNu
6,告五人,帶我去找夜生活 - 健康版,2019-12-14,single,1,4S76LDFcOYumEtYQpT2juM,-sYR0MUFs6muvvLviH
6,告五人,帶我去找夜生活 - 健康版,2019-12-14,N/A,N/A,None,WsvPhebTjmG2BioCNy
6,告五人,帶我去找夜生活 - 健康版 - 健康版,2019-12-14,N/A,N/A,None,X_zfSLdEyKgAkJBwlq
6,告五人,從未見過的海,2024-11-08,single,1,5e28mgD5TjknzurCXeQU7X,8oGY6qOQ3_AF5ty23b
6,告五人,愛在夏天,2018-05-20,single,1,6XtbQqZg0SJnzlqXqoOsoA,9Xwem1lHC0_tknHvRz
6,告五人,愛在夏天-盛夏之約,2021-10-22,single,1,2LZp3mZlOc1Reh88nyk2QZ,LZ7L5Siu2Z7b10tDpB
6,告五人,成長的錯,2024-12-16,single,1,6FjLNmt708pVGLwsiRMjTo,None
6,告五人,我以為你不會出現,2022-05-18,single,1,6jCdDLLM1EH24grt1rqmIQ,St5tNWMuyDQXyV6_YQ
6,告五人,我們都活在進化之中,2022-11-10,single,1,4xmuvpsEndyepilu3TA1PG,None
6,告五人,我天生 - 有夢版,2025-04-01,single,1,28W9uyxA4MIu5npe8Rt1sI,4tLt1qeFtitQ8e123H
6,告五人,我天生 - 有病版,2025-03-27,single,1,35mtqL9m3dw0A6ZBytN22q,5aQyZw0YczZYTeoNnb
6,告五人,我肯定在幾百年前就說過愛你,2019-06-14,album,11,7yvCk24AtE9k0vLcolSs2i,OtDw_CYxEqbM9jFxbv
6,告五人,我肯定在幾百年前就說過愛你,2019-06-14,N/A,N/A,None,D-ikiKoNdbwdO3z11_
6,告五人,披星戴月的想你,2018-10-30,single,1,4Z6ZPMtYHcWONSHfEoJ3c7,CsezV22_0h_RnJf5N9
6,告五人,披星戴月的想你,2018-10-30,N/A,N/A,None,LXN00s5jKFATvcE753
6,告五人,披星戴月的想你 (電視版) [電視劇「用九柑仔店」插曲],2019-12-17,single,1,2t9Oj907JgimHty1UWv8B1,Sko7147adNq4UdX9sA
6,告五人,新世界,2020-08-19,single,1,7AG12yxZfHTeRHHyWmVEnM,OqeEs4eVHgkGi86m40
6,告五人,晴れの日(晴天),2023-07-29,single,1,231DVakc3NmwR9jOB1Kyup,HaMp69p__dvJKDeYlh
6,告五人,沒有人會為了我改變,2025-02-26,single,1,0pMtn6FSzOhvPaIrFFhWL4,Ct-a7E6noP3rOiZkK8
6,告五人,法蘭西多士,2019-06-07,N/A,N/A,None,-lCqO4c2p_79x9kURm
6,告五人,說我愛你的一百種方式（《與少年他》音樂合輯）,2020-04-25,N/A,N/A,None,GqkppIqAKRoy9lvDJ0
6,告五人,说我爱你的一百种方式,2020-04-26,EP,2,15Ou7flVdwGsAuK8NakvXV,5_ieCz3aO3eqIi5a12
6,告五人,迷霧之子,2017-09-22,N/A,N/A,None,HZcsq_BSAsSpJpk6k0
6,告五人,迷霧之子,2017-10-06,EP,3,113MVMd935hpuosRyZeeuP,GkXypJHOx3YZKdLHHb
6,告五人,運氣來得若有似無,2020-12-11,N/A,N/A,None,WoLVsXQHYBvu_djlRA
6,告五人,運氣來得若有似無,2020-12-31,album,12,6Vss0GQqlLtD4k3lSXnYI5,5XEkfe7RTkffIns_eH
6,告五人,長大後的事,2025-01-06,single,1,5t8US7d6Abr8RQ0jh4i82t,None
7,宇宙人,10000 Hours,2016-02-10,N/A,N/A,None,8t39v7N8ZgqWcqrbLu
7,宇宙人,Anatawa -And You?- -Single,2016-01-20,N/A,N/A,None,-swYK2VFs6muvj7pd8
7,宇宙人,Bon Bon Bon Bon feat. PoeTeK,2017-10-06,N/A,N/A,None,1_-NmWXNt3XPUwJoOW
7,宇宙人,Cosmos People,2009-09-04,N/A,N/A,None,OseC85AYqcVQaU-mNi
7,宇宙人,Detective's Love Story,2010-09-03,N/A,N/A,None,GthWgCiePnecdm73xA
7,宇宙人,Earth Walk,2012-10-05,N/A,N/A,None,HYEP-emAU1EtWv0Jbd
7,宇宙人,Expired 〜期限切れの愛〜,2023-09-15,single,1,2ixCuTOpX8vP1iCai1Tecz,None
7,宇宙人,Expired 〜期限切れの愛〜 - OT：我還繞著你在旋轉,2023-09-15,N/A,N/A,None,L-JRuYylKwYNojou4w
7,宇宙人,"Leaveyourlove (with Cosmos People, HAOTING from Sunset Rollercoaster)",2024-07-09,single,1,64pAPCCyyuuGvNMUT1lDKq,None
7,宇宙人,RIGHT NOW,2017-11-08,N/A,N/A,None,DZnrftov1aDjGZsw0_
7,宇宙人,Time Lapse,2016-02-10,N/A,N/A,None,9afHd92DUhQp_eGpeY
7,宇宙人,《 α：回到未來 》20週年演唱會―Back to Live 現場實錄,2024-10-08,album,18,6KK0aHqHC29CfzgxvgGcEZ,OsShRuE4qcVQbCTRZH
7,宇宙人,もっと遠くへ ～Move Forward～ -Single,2015-11-25,N/A,N/A,None,9Ymq0q0HpTG8JoXbKz
7,宇宙人,コスモロジー,1970-01-01,N/A,N/A,None,_Yc0M6OsPSh_UUUI1x
7,宇宙人,コスモロジー,1970-01-01,N/A,N/A,None,KowMLBoa1IXU_C8js3
7,宇宙人,一桌菜,2019-01-31,single,1,0MRDIrtGsp6W3DmEQI68fd,Clc5j13hhWIkAsIdNk
7,宇宙人,一萬小時,2015-05-29,album,11,571Mh6oowokeW1RIfqCmaz,GnVQxy1XPEfOBzalm_
7,宇宙人,不簡單,2016-04-15,single,1,1rupPhKjFNglz9XPJxysPI,OreWMi5eLG7iOzBiJe
7,宇宙人,你在哪裡,2024-05-17,single,1,6LT7YFr4Mw6MEUZIcy6Dz3,OrDJzX9eLG7iNIIbag
7,宇宙人,你的宇宙,2019-11-14,single,1,0balYBFcgEFftQ4HOeZMfn,KmcYjk5amUrTmx8_cx
7,宇宙人,你的宇宙YOUNIVERSE YOUSB 宇宙人第一次登陸台北小巨蛋 萬人現場全紀錄 Audio Live,2020-12-21,album,33,31ogylj0rQibolAGOsTcXl,GqJkDcqQKRoy8jLWRN
7,宇宙人,先這樣,2020-08-18,single,1,0dmWomm84AAVLNBVoe2LyN,HYxAG4nwU1EtXF1mdO
7,宇宙人,右腦,2017-10-06,album,10,77GHUQyYwpsqKXq7fRkCS8,8qclUdvFOgKcu5rN0-
7,宇宙人,名偵探敗給心上人,2010-09-03,N/A,N/A,None,4q8WLq31wYJTSjxmwF
7,宇宙人,君はいつでも (你總是這樣),2023-08-21,single,1,7qNfyMejakcPhYq9gWBXUD,CnMOVxSl4d6Z1-e8Q8
7,宇宙人,地球漫步,1970-01-01,N/A,N/A,None,4kzMHsYXF4KmXvsL2i
7,宇宙人,地球漫步,2012-10-05,album,12,3vJXuFG4qRGiZO9BU3XBtF,CtobVd-noP3rMaPMan
7,宇宙人,宇宙人001.5 名偵探敗給心上人,2010-09-03,EP,6,2ihk9cMLQVkN4fKZ2cSfo4,CkG3f9lzW4Ta1DDeRj
7,宇宙人,宇宙人同名專輯,1970-01-01,N/A,N/A,None,KoQyvWoK1IXU8WFb93
7,宇宙人,宇宙人同名專輯,2009-09-04,album,13,1ntqghC5VFa3TaJeHrNNmp,CpDv8WWkaw7YCjQfOI
7,宇宙人,拿下這一場,2018-03-19,single,1,6qA8QyuFl188EPrtX7BViW,SnOXDL6-_eOqO6qyms
7,宇宙人,明天留給我,2020-11-26,single,1,38UxZZDFWZzjKwtIUKnPli,CsycCt3P0h_Rmy3yU3
7,宇宙人,最初的夢想,2023-06-09,single,1,2aJDZXIMmmcDacKyY0vZ7o,0nNoOqxXtCwos7al3C
7,宇宙人,現在就讓我飛,2019-03-07,single,1,2X3KRPTKTK6rSZGppqngEH,None
7,宇宙人,理想狀態,2022-03-17,album,12,1cUvSBEiW9ZfRJycMHRCaY,5agIt0yIczZYSqNFka
7,宇宙人,藍色的你,2021-11-15,single,1,5JFPJKe8QEa4IMNtpCQDOx,WqGumz7oG8C8n2IIuR
7,宇宙人,陪我玩 (艾肯娛樂吉祥物《熊寶》形象主題曲),2019-05-14,single,1,5TIqUiaaCD0CouaDjKhnCO,CoyOM16u1JHryRpYHq
8,家家,Duet++我們二重奏,2020-12-10,EP,6,2b4CFDpmPMknxxjUG4JZ7j,P_U53nfOKjgS57ml05
8,家家,For Baby,2022-07-06,single,1,7grcqCA5GJq0tyGRH81iIj,_XHF5oBG4bYZu1epws
8,家家,House Party,2019-07-02,single,1,4aNaIZ1pqNlihlPYo7eSGb,OluMqlx5CCud8Z9USv
8,家家,Once the night comes,2014-09-12,single,1,4vs1IkszPbBuJPafVTrNLC,None
8,家家,[我遇見你] 2015『飛』演唱會還原現場全曲目LIVE CD,2016-01-04,album,29,2LLrNSIyK9JKUsmmWoREAP,GqVr7SrAKRoy_bvdlu
8,家家,人生海海,2020-11-11,single,1,1TzruFIQ8SGBYl0CoTOcFK,OozFTBbIhoFhHgPpBb
8,家家,何妨,2019-05-17,N/A,N/A,None,-qm6X6v0B5ro_otEsc
8,家家,何妨 (LINE TV《HIStory 3-圈套》片尾曲),2019-05-17,single,1,458fJxRDfuGMfkHvLs8Kyn,None
8,家家,你給我的,2025-05-02,album,10,45jukUGQ4cRFGJPPc59JY0,KrjX712kQPhDCUcBMq
8,家家,夏天的浪花,2020-10-21,single,1,5qw7Dhhp64CsgksFkDcPPX,5XDah77RTkffJEwhLk
8,家家,小星星,2020-10-28,single,1,7mF52PZJGN1kDqCpT6PXBb,D-NGggoNdbwdNPKcXf
8,家家,忘不記,1970-01-01,N/A,N/A,None,KsxsrmNedkIB-HvvcV
8,家家,忘不記,2012-12-29,album,10,2o0oEFwph6jcXwQo8VXCkG,Krz1VIykQPhDA8O7f8
8,家家,我想要的,2019-09-07,album,20,0BgXOIWCoxjO5Lh6z58o4S,4stOI1sCxHs9B1g_RK
8,家家,我要飛 / 2020台北電影節獻給勇者的組曲,2020-12-17,EP,2,7eDVAerlpeJzsC7ac1PxVi,Olp6kMwZCCud_TL5lR
8,家家,我遇見你,2015-04-01,single,1,4tH7gEhV9G7OPLsvN786JJ,WrcXTb8fkjE3nQsQfO
8,家家,我遇见你,2015-04-01,N/A,N/A,None,HaQqppo__dvJI7ZLiT
8,家家,擁抱,2018-12-14,single,1,2cKywuz7JXsDcJGW33PnRk,Cscn2k2_0h_Rkzq8Cr
8,家家,月不落,2025-04-18,single,1,4WPiph1QoXuQPb9VrYFGkD,-tgHJK9zwV9UKdDmnt
8,家家,沒有錯,2019-08-22,single,1,2reWZlNbbFZtB3BKO0E40C,LaLEtAUsR5JllOgv3s
8,家家,海洋,2020-11-04,single,1,0wKFU1i0Y3Gzl1mk4bBSNC,L_6sq65OYWLlS1ks2n
8,家家,為你的寂寞唱歌,2013-12-31,album,13,1AqZM8bfxSUIeQKBtO85ix,4paOBov83PHEb6nh_J
8,家家,祝我幸福,2020-08-21,single,1,0HkesGp6Osy7kz8jk6PGFy,4nqOjrP0zvZw0RdBTk
8,家家,藍色啤酒海,2020-11-18,single,1,1qbelzdPRuWq6Hro8HKC95,Sl6pCD2dTiaK1Ql9Ng
8,家家,藍色情詩篇,2006-12-01,album,12,1FDrUSpd5SFFc4IDXZiWuV,None
8,家家,輕傷,2023-03-23,single,1,10bLFIaeqNY71KnFAoPDxp,1aCKxD5CgvBgPRfsb1
8,家家,還是想念,2016-12-30,album,12,4Bay19OUdTjD1eB7NOF4dP,_XfD3hD24bYZtuDViB
8,家家,閉上眼睛會想起的人,2021-12-08,single,1,4m8zX2aF2ggXlAqLsSj8Vb,P-l-UDnjmaj9rSTc-a
9,蕭秉治,I Miss You,2019-05-29,EP,2,5W8GvoLNltj3hh2ZiLUHxy,OoLG4GaohoFhFL0J6C
9,蕭秉治,WILD,2021-12-07,single,1,6wwR32jWqu86YFLcPT3irU,Cqw4LGCRmpvC_Bv9Ds
9,蕭秉治,不留活口,2021-09-24,single,1,64rGlH39h2p6GteEKLvx2N,-pi4yC0gReHVTWwojn
9,蕭秉治,再活一遍,2019-11-20,N/A,N/A,None,4rsQXfjgFoOya3F52r
9,蕭秉治,再活一遍 (HIStory3《那一天》片頭曲),2019-11-20,single,1,1UlfSA6HgZeIROv10mcVyh,None
9,蕭秉治,凡人,2018-06-08,album,11,1MZZXzwEPXBvwG29dpGCDZ,HadaIoqv_dvJLU1Dsj
9,蕭秉治,凡人 MORTAL,2019-05-29,N/A,N/A,None,CtnGwU-XoP3rM76Myl
9,蕭秉治,可不可以別做他的情人,2023-07-27,single,1,4HeuSX6eTyiRjdGou7DEmW,4kRMO8bnF4KmX8z3YT
9,蕭秉治,外人,2022-12-11,N/A,N/A,None,PY3ZYfpWqns_T5ZR7i
9,蕭秉治,外人,2023-06-26,single,1,3VhUOCklnq89LUhH6Vy0S7,OqHU8Hc1HgkGjY-sr9
9,蕭秉治,完人,2024-12-04,album,11,06zmRfsw42iuK56yvWFQ7z,5_9gDcxaO3eqJw_sNw
9,蕭秉治,怦然心動,2020-06-09,N/A,N/A,None,OsaRCtB4qcVQbmamE5
9,蕭秉治,怦然心動 (《你是我的命中注定》片頭曲),2020-06-09,single,1,7GDiGAnioP7eEDlWAJB32p,None
9,蕭秉治,想悄悄住進你的靈魂,2025-02-18,single,1,7AceFgFxvjH64hBcGZsB6d,Wpv3AXJLeutVGkUZRT
9,蕭秉治,愛是痛苦的總和,2024-08-14,single,1,3YXC4ztBnqVnfXXHPRBCO2,GoDl-jpNzZWl_Jmelv
9,蕭秉治,我不小心愛上了我的歌迷,2022-09-08,single,1,5qYVDS7RN1Y1Lk0em3oVOA,OpTE31OwB1A88RZAzN
9,蕭秉治,我們的主場,2021-04-11,single,1,7A4aNhLVq92rxgwvvNqwot,None
9,蕭秉治,我對你的愛沒有盡頭,2024-11-07,single,1,6kT2gk9ImzVsmamdZdh12p,8q7wTRrVOgKcsqFkIm
9,蕭秉治,我是誰我是誰我是誰,2019-08-31,N/A,N/A,None,LY4cLviSCNxEvClPto
9,蕭秉治,我是誰我是誰我是誰 (凡人Mortal LIVE Tour),2019-08-31,single,1,5zoWJuN1wjgnqr50cgQwjA,None
9,蕭秉治,戰神風暴,2021-09-02,single,1,0EDGxSlwEuOQqzogqNSVkb,8otTMmLg3_AF6PBuqW
9,蕭秉治,放了自己  feat.五月天怪獸,2019-08-07,N/A,N/A,None,GtjRSkiOPnecehd2SG
9,蕭秉治,毒藥,2022-04-19,single,1,49FXdUp7VMFszWjZSHlvWc,Or_-c87OLG7iPjhnXE
9,蕭秉治,狂人,2022-05-17,album,10,0fJuIuYXDPonlFi7gUe3ol,9ZjsbwiH_BzuNbmr67
9,蕭秉治,蕭秉治 「凡人Mortal」 巡迴演唱會LIVE TOUR專輯,2019-09-24,album,24,5FDty1zACUnnLcyiDLkFam,-kvYDALBzpOHQBKqvu
9,蕭秉治,蕭秉治Project X 巡迴演唱會Live Tour專輯,2023-08-18,album,25,0t5wSJeKMB645PvmM9CjrU,L_ZBiz7uYWLlR8jwOK
9,蕭秉治,進化（2025中信兄弟年度歌曲）,2025-03-26,single,1,5giD66WEWyUqMsrk2mtcAu,8rq1DKUrLZoqMTVEUe
10,鼓鼓 呂思緯,Acer Day Play Music Together,2018-07-20,N/A,N/A,None,CqVIY8AxmpvC-4_yOP
10,鼓鼓 呂思緯,K.O. (華視《最佳利益》片頭曲),2019-05-15,single,1,583CfD8kd17G19C5rHkMsw,Gq1fpSrwKRoy8SYyh4
10,鼓鼓 呂思緯,乎乾,2018-12-02,single,1,6oadzY0sUCT2R2UTMAghNE,4qFHlw3VwYJTTx_-I-
10,鼓鼓 呂思緯,勇敢一次 (三商美邦廣告主題曲),2017-11-23,single,1,6neI1HomAFV3huMgsOQTG1,None
10,鼓鼓 呂思緯,可以唷,2016-12-03,album,10,5561D6AfG3HpnJsKhsFxu9,WtRV1ZA_YOSQm7tXUp
10,鼓鼓 呂思緯,嗯哼,2016-11-09,N/A,N/A,None,X-HrGo5Z0SAEmnuYgP
10,鼓鼓 呂思緯,好了啦,2023-03-22,single,1,4FlvBqR4lV69cuoaD7DO0u,KpfXdaqfaopkANpKGp
10,鼓鼓 呂思緯,我們的主場,2021-04-11,single,1,7A4aNhLVq92rxgwvvNqwot,-r9i72a51XBjLG4pO1
10,鼓鼓 呂思緯,我的心裡呀,2020-09-09,single,1,3ztddA2NGEIt70TPEMJ6Qf,GrVjX1xJSVBLaPzOfR
10,鼓鼓 呂思緯,戰神風暴,2021-09-02,single,1,0EDGxSlwEuOQqzogqNSVkb,None
10,鼓鼓 呂思緯,有你就有我 (feat. 鼓鼓 呂思緯),2022-07-01,single,1,6iLECldWmxsXpmpqRmnmrI,None
10,鼓鼓 呂思緯,樂高,2019-11-13,single,1,5xCsvi7iiZcmM2fklBf02I,9Yw6Rk03pTG8LcSNXJ
10,鼓鼓 呂思緯,簽收我的心,2021-08-14,single,1,0LCGO25PnTkwleHjvtGPK9,D_mZdmG6saFcO6RQ9q
10,鼓鼓 呂思緯,繽紛了每一天,2018-09-14,N/A,N/A,None,TapcBzNT9CYeFevfyb
10,鼓鼓 呂思緯,繽紛了每一天 (健達繽紛樂2018品牌主題曲),2018-09-14,single,1,5DMr1SYyXXMujKjQjkMbWS,None
10,鼓鼓 呂思緯,聽到請回答,2022-04-08,single,1,2UGyvHsvKWfSWrRZrvavsW,Pavv30IBDe7LXxk3Ez
10,鼓鼓 呂思緯,自己人,2019-08-22,N/A,N/A,None,Ood_PPaohoFhEwJRZy
10,鼓鼓 呂思緯,自己人 (2019全運會主題曲),2019-08-22,single,1,1aAlS0JHV7A0dLsVlhsP0e,None
10,鼓鼓 呂思緯,蟲洞,2019-11-18,album,16,33X2aXjnZaWaHj9GmfihWA,Cr14sy_pyWtog7z1mN
10,鼓鼓 呂思緯,超展開 (Japanese ver.),2020-02-14,N/A,N/A,None,1-5ZCIaXCvM0fsvL3Q
10,鼓鼓 呂思緯,超展開(日文版) [feat.Lead],2020-02-14,single,1,0uuiepnosPpMbwc5UmEfca,None
10,鼓鼓 呂思緯,跳舞在米蘭,2023-04-12,album,10,73CTYTtgLkPNLFycnNd64I,0pinPpha88Op5KAXou
10,鼓鼓 呂思緯,進擊吧閃電 戲劇原聲EP,2017-08-28,EP,3,6yvs8WCsmkA93d162zE74L,None
10,鼓鼓 呂思緯,限量單曲,2016-11-23,N/A,N/A,None,9YxoO50XpTG8IIT_SW
11,麋先生,2020再出發,2020-08-10,N/A,N/A,None,Src_5Hzwz6vWk5-fg7
11,麋先生,Hey（LINE TV《HiStory3-那一天》插曲）,2019-10-25,single,1,27NPUYG8hi0lUMsznOhxMx,Gpwdl_zTWop22S0dif
11,麋先生,Mr. ME,2022-03-12,single,1,6GQFP2qdLGcgiEBaQhlWSD,TZpu9YsfIu_Yflov5l
11,麋先生,三天三夜,2023-08-15,single,1,0T4DxRTa2PsL7qxuGa39Xc,KmJA6B6amUrTlhPhQY
11,麋先生,上台,2015-03-06,N/A,N/A,None,DaNeaQFenP603ouUNk
11,麋先生,你在哪裡,2024-05-17,single,1,6LT7YFr4Mw6MEUZIcy6Dz3,None
11,麋先生,倒數三萬天,2022-12-19,single,1,0bGZ4zadJQtAiXBaRV35Ld,CkNWR9mzW4Ta38kOPm
11,麋先生,偶像,2025-03-04,single,1,0bVv3tyuxEvWtDLPmA8fTO,OqQZCNbFHgkGioJan5
11,麋先生,別怕,2021-07-19,single,1,35YkCYIpPceZQQICFG9Zyp,-l0Uxid2p_79zv-oZ6
11,麋先生,到底我算什麼,2024-12-12,single,1,1W9Ix25yVBC32ye4PuC9cf,D-hmHftddbwdPeMlVE
11,麋先生,去飛翔,2025-02-17,single,1,1xpRv4hS8KLQ3YHLyOs3U2,H_WttU8H2kp-_uDwL6
11,麋先生,反骨歸真,2022-01-04,single,1,1mkUaWSjW56imygMjEXMdz,WtUbWJCvYOSQm1La0K
11,麋先生,喂，再看我一遍,2020-10-26,single,1,3SXfXH4ru2sb2e4TfVaXKS,D_rsnAGasaFcNc_4Lc
11,麋先生,嗜愛動物,2020-10-08,album,13,2y6OiCLA4pdMo3YmXRxMRM,Gq3r5IqQKRoy8eeOHG
11,麋先生,壞蛋,2023-10-05,single,1,0Yi0aR6Szq8WrnYCYxuunR,0m1qPH4Lqw4IkAIUx-
11,麋先生,天生寂寞,2023-06-28,single,1,0LE0WLj0TzaHexuX06DAKj,Wp87-VO7eutVHWgP4r
11,麋先生,廢廢,2020-09-21,single,1,0f19kz4jJxpxKb4dlV807U,GmyzkpO0te5pCVZgXk
11,麋先生,我們,2018-03-16,single,1,7ws0NP6GhUw6xuQ4GERFCQ,CsM_j02P0h_RmbK6JT
11,麋先生,我們的十年 WE LIVE 現場十錄,2023-02-06,album,10,0R4v89jIR8dkmL7MdjJOYu,Wkw_SqCzIvVnmJPypU
11,麋先生,接著,2018-12-07,single,1,6Z4tT5kJfpck93DsjIKsWH,Ot-08JYhEqbM9tCGVY
11,麋先生,某某某,2018-06-29,single,1,5XF7QVjfrQpshWatPmOMhK,So8kFo0NFOcHe2SMPL
11,麋先生,沒什麼大不了的心情,2025-01-02,single,1,51ZazKIk9VZJB8Ogt0m7gg,GkxIQWCex3YZIX23b0
11,麋先生,沒名字的人類,2015-03-27,album,10,1kfqFwARjLOo50iVlmIP0R,9-1M2XhimwqbKrS5HM
11,麋先生,沒名字的人類,2015-03-27,N/A,N/A,None,H_7ekT4H2kp-83O5lg
11,麋先生,走囉,2019-12-13,single,1,0D993Ge93QAvyKV67GirZ0,8pIxG_4cvmYiPSP2At
11,麋先生,都是浪漫害的,2023-10-17,album,11,6k3Aj8q27ETWzwpb9jG3Np,4tqgtkZ1titQ_BI_OU
11,麋先生,野生,2016-10-28,album,10,3A2VdBtlFFopIFhd92rpFo,Wk19TNBzIvVnmR5umt
11,麋先生,野生遊樂園 - Live,2025-04-10,single,1,5JiuRTekoikbMQZ1jaVPCF,TXy-5l5oOtk92MSXHg
11,麋先生,長成什麼樣子算愛情,2021-12-10,single,1,2mi78WPBCsQtGV7MCTa6HK,Lao4IUWcR5JlmX9uv8
11,麋先生,馬戲團運動,2013-06-06,album,7,3s2C9fDA3TS831VkeNH6Rn,L_ke0q4eYWLlS3GsNJ
11,麋先生,馬戲團運動2024CircUs,2024-06-25,single,1,4hVLBMcNOwqqPIYEdcXdWy,OsS0QhE4qcVQZiE5DD
12,白安,1990s,2018-12-14,album,10,3CcrISxzIwT6ZGplop5E5c,PZlpy-NY_n53Ujamhc
12,白安,44天,2019-10-29,EP,6,6tyHdfBJNMVgeiskGRCCyS,GqNdHOrwKRoy_8xBkX
12,白安,Love Again,2025-03-14,single,1,42WdXu8IC62r7cVbgFx5vZ,CsiSygyf0h_RlgxBe4
12,白安,Love Again,2025-03-14,N/A,N/A,None,CmntaW8WAc3pw_wxD_
12,白安,亂七八糟的夢想,2024-06-12,single,1,5h3jamTHE4Sv0lhDKqxwBN,Wrd5yY4fkjE3nVFGxf
12,白安,回家的路,2020-07-06,single,1,5jJbLL8Fb1JrTDEf7S094a,SqmYyh3lKtRJRyLtno
12,白安,我們都活在進化之中,2022-11-10,single,1,4xmuvpsEndyepilu3TA1PG,None
12,白安,我把你留在去年,2025-01-20,single,1,1JvUzfdXtWlUz13m7dDFHz,1YNgskDuV_hOBZVX_5
12,白安,接下來是什麼,2014-09-05,album,10,4M4aPrG9oV2R69m3Rxdo1F,T_7Ta5mb5SlJ8qniIi
12,白安,沒有人寫歌給你過吧,2022-08-03,N/A,N/A,None,9XoH9tmnC0_tkGhrF6
12,白安,沒有人寫歌給你過吧,2022-08-31,album,10,2KFILcMINkSVFZKkrw8Yfp,GmgEMtNUte5pCoHLyq
12,白安,白色,2021-01-19,single,1,0PXPNUBvFeBg3P6YsVDRFm,Or8PfT4-LG7iPuAnPS
12,白安,送你一首過年歌,2016-01-22,single,1,6NVS1ovfHnrmMSVZAq1Xcz,None
12,白安,這裡什麼都沒有 (電影《女鬼橋 2：怨鬼樓》主題曲),2023-09-29,single,1,36Acr9oI5gbY6rFZ9w6Mx2,CtN_PF9XoP3rPlm75b
12,白安,麥田捕手,1970-01-01,N/A,N/A,None,DZnXQLo_1aDjFYG7h2
12,白安,麥田捕手,2012-12-14,album,10,5e3hr6rgZB3q3JlwJGDVdx,OsH_8KA4qcVQa15or3
13,李劍青,仍是異鄉人,2017-07-24,album,7,0mmwUSKyrQQ40hAjjSWSiu,PaYgiwKBDe7LXHLAdm
13,李劍青,匆匆,1970-01-01,N/A,N/A,None,1_Ho-FXtt3XPWxUH5d
13,李劍青,匆匆,2013-12-24,single,1,7hkaI7HnR8pd5HpCsP6QVZ,_aP-HSruDpNo4S1idA
13,李劍青,找到你,2018-09-27,N/A,N/A,None,CoBfcW6-1JHrzgXFjs
13,李劍青,找到你 (電影《找到你》主題曲),2018-09-27,single,1,1LQxd7zCvWgVNXG83uQmpE,None
13,李劍青,送你一首過年歌,2016-01-22,single,1,6NVS1ovfHnrmMSVZAq1Xcz,None
14,Tizzy Bac,"CANCELLED-If I See Hell, I Won't Be Afraid of Demons",2009-01-01,N/A,N/A,None,L-fFokx1KwYNpV8goO
14,Tizzy Bac,Human Error,2022-12-20,album,11,0HIUl7AYczDxhnhu42AGmR,1XVa0fXXDReMGTvstj
14,Tizzy Bac,The River (in the Holiday Season),2017-12-22,single,1,3kTvhnqQ3JSXAKt2FE0YMH,OmmD4-goP4HnASDCHP
14,Tizzy Bac,Tizzy Bac 20週年演唱會「鐵之貝克 XX」,2021-01-08,album,30,0kDamjKeVuIYDK1MY6XJSZ,WnnxjdCXUikGjazQus
14,Tizzy Bac,Yi Sui Wu,2013-05-31,N/A,N/A,None,D-GXRHpddbwdNJea2f
14,Tizzy Bac,Yi Sui Wu,2013-05-31,N/A,N/A,None,4r3AkxjAFoOyaIQTiF
14,Tizzy Bac,《 甚麼事都叫平凡人分心 》紀念EP,2023-08-11,EP,4,7l7KunaqYZMmI2cTfeMXyl,Ska5wK4adNq4XvxuJ4
14,Tizzy Bac,什麼事都叫我分心,2003-03-01,album,10,4VX71HCs2nnc7G8vAaaywt,LXN6D-4zKFATvDPO-X
14,Tizzy Bac,你們都不要變,2009-08-10,N/A,N/A,None,4nuKL-OkzvZw2h2oVc
14,Tizzy Bac,你們都不要變,2009-10-10,N/A,N/A,None,Gk-m-dGex3YZKBjsRp
14,Tizzy Bac,你們都不要變,2009-10-13,EP,3,2czoY4TLUZwXr4IM9KNzoP,4kmtrMZXF4KmWmhE4H
14,Tizzy Bac,吹動生命的風,2019-10-18,single,1,22MQCrs2qBmge7P0Gw6HaH,KrxzOSyUQPhDAVPUhv
14,Tizzy Bac,告密的心,2011-05-18,album,16,0TAz1GByCVqAhen3icMtf6,CmQXY_4WAc3pwRYEOy
14,Tizzy Bac,告密的心,2011-05-18,N/A,N/A,None,4pQMhMu83PHEaJmcN8
14,Tizzy Bac,夏季熱,2005-08-01,EP,3,0c075sXBvwhlhVdlXxkFOR,4lwJTwRx6leseHp5b7
14,Tizzy Bac,失去做夢能力的人們,2025-01-17,single,1,3lGFv5VgutBraEzfVm2v91,X_kbniYUyKgAmgV52s
14,Tizzy Bac,"如果看見地獄, 我就不怕魔鬼",2009-02-13,album,13,1Pfb3ikWYqNBZqRlhGJjQi,4mWWgRFE2kVG4Qja5M
14,Tizzy Bac,如果看見地獄，我就不怕魔鬼,2009-02-13,N/A,N/A,None,GpMRiQzzWop23NlAAY
14,Tizzy Bac,愛的多重宇宙,2025-02-14,single,1,4aFmyXthHuHDdFP7cVngql,Gp1sI-3jWop22aIwEV
14,Tizzy Bac,愛的多重宇宙,2025-02-14,N/A,N/A,None,PaXXWJORDe7LV5oZa1
14,Tizzy Bac,我想你會變成這樣都是我害的,2006-04-07,album,13,2EKOgefDXTnBqUh5rv3AUD,LaRtLeUcR5JlmVNF00
14,Tizzy Bac,易碎物,2013-06-14,album,13,5poCYlhJC1EW1HO36MVdjF,CnKkPpRV4d6Z3VEghB
14,Tizzy Bac,易碎物,2013-06-14,N/A,N/A,None,Cnsxr8QV4d6Z3IxZvm
14,Tizzy Bac,暴風,2017-11-11,single,1,5tC53O1BFbG63I8nE4XQ2z,KoTkI-oa1IXU80cQBE
14,Tizzy Bac,沙漏,2018-02-09,single,1,5lJoX781lrlsRBXS4gW0eu,4sbyV6sixHs9CHOdQ_
14,Tizzy Bac,知人,2018-10-19,album,12,0WTCeQNEnhiMxetUQLriuk,4rvypDjwFoOyZ-OyOF
14,Tizzy Bac,穿越光年的孤獨,2020-11-05,N/A,N/A,None,8p3vbI58vmYiOd3GTH
14,Tizzy Bac,穿越光年的孤獨,2020-12-29,EP,3,5uGOdMaGuBltH5NC1s29w2,CrWDgC-JyWtoipNGE4
14,Tizzy Bac,維克多的玫瑰,2007-03-30,EP,4,1PRoq29lhOshgF4wkeepX1,8s3rzL6TI8uiqqafi7
14,Tizzy Bac,聊聊吧,2007-10-08,album,18,0LMirjauXpXiVqZN5zEeyP,4o9ap4pRVgY_aDDzNK
14,Tizzy Bac,說出我的名字,2025-03-25,album,11,0AFvYBhgqq8Ai4xGAhHRvN,Wn5zl4H3UikGg1msqK
14,Tizzy Bac,這是因為我們能感到疼痛,2013-04-19,EP,5,3pmg4yP5yuctYI7QadiK1D,8teRkzN8ZgqWfKq8QW
14,Tizzy Bac,這是因為我們能感到疼痛,2013-04-19,N/A,N/A,None,GnsWwv0XPEfODFzYI7
14,Tizzy Bac,鐵之貝克2.0,2019-11-15,single,1,1FGvaLX2S8IL00Di0T3ajW,Krt7CqyUQPhDA6F607
15,Energy,Chill Energy,2022-11-15,album,7,4eDmbYgQxcYgeiRv1RTtvF,4tIyTpZFtitQ9ezIyf
15,Energy,E3,2003-01-01,N/A,N/A,None,XYZ5CcKPROdeeSa3e6
15,Energy,E3 2,2003-01-01,album,11,73hdklTT67x1mm3bg3O1Mc,None
15,Energy,ENERGY!4EVER - CD 1,2004-01-01,N/A,N/A,None,HZDu-LBCAsSpJViMZA
15,Energy,ENERGY!4EVER - CD 2,2004-01-01,N/A,N/A,None,TXyQBG9oOtk905Gi4J
15,Energy,Energy! Come On!,2002-01-01,album,14,1KIrULDf8oCDGH3AmNohDC,8pAztA4svmYiP46rQ-
15,Energy,Energy4ever,2004-01-01,album,18,558u8WGKyI5j8rzLNEsQEj,9_qHAc1NrjpYbrgnxM
15,Energy,HEY-YOU! (米迦勒之舞電視原聲帶),2004-07-09,album,18,0usYcnoPx0JymrSZ5ILjEE,8rugADUrLZoqP2OJOs
15,Energy,Here I Am,2024-05-02,EP,6,1ONlWSqyHGDyOoyfNsTnoS,KpNk28tPaopkDwHuQP
15,Energy,Love Engergy,2022-11-09,EP,6,3pbWd77ypBPO3BDY5dsN4K,8qIDq0sVOgKcvfbo7K
15,Energy,Power Engery,2022-11-03,EP,6,0saSdNQDZpotPeMk5YCvcB,0rFefCi9HaJ6mGzwjG
15,Energy,分合,2024-01-27,single,1,7kCG6P2OCX53a0Ideqm0Eq,5aE-8GzoczZYSlAyt-
15,Energy,另類人生,2008-11-04,N/A,N/A,None,4r5sQzjQFoOyYpdk4_
15,Energy,同病相戀,2025-03-31,single,1,5LxIzRDFWTbeSMcGMvIlRc,4kQg9ncXF4KmWbzwN1
15,Energy,天生反骨,2007-01-01,album,10,3RbXnr3Sxa0PiDEd3XG1xS,LaFl_eUcR5JlkxEAAt
15,Energy,放手 (復合版),2024-01-18,N/A,N/A,None,Daq9uQGunP601q08Jx
15,Energy,放手（復合版）,2024-01-18,single,1,5YiO1Dtm1jdpWJRRnOrvQZ,None
15,Energy,星期五晚上,2024-04-12,single,1,1hmqJPjFzyMiyZNqxEaQFS,1_8CygTtt3XPWXAZ4N
15,Energy,星期五晚上 (慶功16蹲版),2024-07-19,single,1,6FHvq12S2de3SoA64erYyB,8px1V98svmYiMWT1si
15,Energy,最後的樂園,2005-01-01,album,11,4bAHfqmSSdzGTaC3t4cDeA,Cl2hov3BhWIkCFwvj2
15,Energy,無懈可擊,2003-01-01,album,11,6ciDL1cv5YAxnR4pmZsTBU,CkJyHflzW4Ta2fu1PH
15,Energy,猩人類,2006-01-01,album,10,5gsOyUaT0s8BGy64BDPJ2J,CpNMwVWkaw7YDWHDIA
15,Energy,米迦勒之舞電視原聲帶,2004-07-09,N/A,N/A,None,9YlmaN0HpTG8LA5JIi
